<?xml version="1.0" encoding="UTF-8"?>

<!-- 
 * i18n-l10n.xml
 *
 * Copyright (C) 2019 Universidad de Sevilla
 * 
 * The use of this project is hereby constrained to the conditions of the 
 * TDG Licence, a copy of which you may download from 
 * http://www.tdg-seville.info/License.html
 -->

<beans xmlns="http://www.springframework.org/schema/beans"
	xmlns:xsi="http://www.w3.org/2001/XMLSchema-instance" xmlns:util="http://www.springframework.org/schema/util"
	xsi:schemaLocation="
		http://www.springframework.org/schema/beans http://www.springframework.org/schema/beans/spring-beans-4.0.xsd
		http://www.springframework.org/schema/util http://www.springframework.org/schema/util/spring-util-4.0.xsd 
	">

	<util:list id="messages">
		<value>/views/master-page/messages</value>
		<value>/views/misc/messages</value>
		<value>/views/security/messages</value>		
		<value>/views/welcome/messages</value>
		
		<value>/views/administrator/messages</value>
		<value>/views/customer/messages</value>
		<value>/views/profile/messages</value>
		
		<!-- Luis -->
		<value>/views/mess/messages</value>
		<value>/views/messBox/messages</value>
		<value>/views/request/messages</value>
		<value>/views/package/messages</value>
		<!-- Luis -->
		<value>/views/vehicle/messages</value>
		<value>/views/solicitation/messages</value>
		<value>/views/issue/messages</value>
		<value>/views/evaluation/messages</value>
		<value>/views/configuration/messages</value>
		<value>/views/curriculum/messages</value>
		<value>/views/professionalRecord/messages</value>
		<value>/views/miscellaneousRecord/messages</value>
		<value>/views/actor/messages</value>
		
		<value>/views/category/messages</value>
		<value>/views/socialProfile/messages</value>
		<value>/views/administrator/messages</value>
		<value>/views/finder/messages</value>
		<value>/views/sponsorship/messages</value>
		<value>/views/offer/messages</value>
		<value>/views/fare/messages</value>
		<value>/views/traverseTown/messages</value>
		<value>/views/town/messages</value>
	</util:list>

</beans>