<?xml version="1.0" encoding="UTF-8"?>

<!-- 
  * tiles.xml 
  * 
  * Copyright (C) 2019 Universidad de Sevilla 
  * 
  * The use of this project is hereby constrained to the conditions of the 
  * TDG Licence, a copy of which you may download from 
  * http://www.tdg-seville.info/License.html 
-->

<beans xmlns="http://www.springframework.org/schema/beans"
	xmlns:util="http://www.springframework.org/schema/util" xmlns:xsi="http://www.w3.org/2001/XMLSchema-instance"
	xsi:schemaLocation="
		http://www.springframework.org/schema/beans http://www.springframework.org/schema/beans/spring-beans-4.0.xsd
		http://www.springframework.org/schema/util http://www.springframework.org/schema/util/spring-util-4.0.xsd
	">

	<util:list id="tiles">
		<value>/views/master-page/tiles.xml</value>		
		<value>/views/misc/tiles.xml</value>		
		<value>/views/security/tiles.xml</value>
		<value>/views/welcome/tiles.xml</value>
		
		<value>/views/administrator/tiles.xml</value>
		<value>/views/customer/tiles.xml</value>
		<value>/views/profile/tiles.xml</value>
		
		<!-- Luis -->
		<value>/views/mess/tiles.xml</value>
		<value>/views/messBox/tiles.xml</value>
		<value>/views/request/tiles.xml</value>
		<value>/views/package/tiles.xml</value>
		<!-- Luis -->
		<value>/views/vehicle/tiles.xml</value>
		<value>/views/solicitation/tiles.xml</value>
		<value>/views/issue/tiles.xml</value>
		<value>/views/curriculum/tiles.xml</value>
		<value>/views/professionalRecord/tiles.xml</value>
		<value>/views/miscellaneousRecord/tiles.xml</value>
		<value>/views/configuration/tiles.xml</value>
		<value>/views/actor/tiles.xml</value>
		<value>/views/evaluation/tiles.xml</value>
		
		<value>/views/category/tiles.xml</value>
		<value>/views/socialProfile/tiles.xml</value>
		<value>/views/administrator/tiles.xml</value>
		<value>/views/finder/tiles.xml</value>
		
		<value>/views/sponsorship/tiles.xml</value>
		<value>/views/offer/tiles.xml</value>
		<value>/views/fare/tiles.xml</value>
		<value>/views/traverseTown/tiles.xml</value>
		<value>/views/town/tiles.xml</value>
		
	</util:list>

</beans>